id,Name,titleProject_id,class,score
0,Сербин Геннадий Михаилович,7,8в,2,Сербин_ГМ,LHf9fF76
1,Папандина Клавдия Яковлевна,304,9в,5,Папандина_КЯ,qtdJt6cu
2,Белагина Галина Андреевна,396,9а,4,Белагина_ГА,9DTRpo1u
3,Кижняева Анна Леонидовна,178,7и,2,Кижняева_АЛ,QE5RZMlL
4,Цывин Олег Яковлевич,446,7т,2,Цывин_ОЯ,eS7Hc34J
5,Жидняева Ксения Эдуардовна,373,7х,4,Жидняева_КЭ,LZMKVYmS
6,Липковский Анатолий Иванович,144,10а,2,Липковский_АИ,uDbxTAMU
7,Меднова Наталья Богдановна,290,7и,5,Меднова_НБ,GGw0m9Oq
8,Житихин Вячеслав Романович,141,9а,5,Житихин_ВР,671ymrzr
9,Шеврина Полина Максимовна,33,11а,5,Шеврина_ПМ,zFTytvn4
10,Алпеев Валентин Данилович,323,8а,2,Алпеев_ВД,H0jCLYES
11,Золикова Клара Игоревна,364,10х,2,Золикова_КИ,VqMio35x
12,Дориков Дмитрий Петрович,296,10г,5,Дориков_ДП,iiofzceX
13,Корабышев Кирилл Михаилович,302,8и,5,Корабышев_КМ,56Xz2OPc
14,Ростовиков Константин Николаевич,336,10а,2,Ростовиков_КН,npF7ewqZ
15,Нехаев Дмитрий Фёдорович,129,7х,4,Нехаев_ДФ,22tQz96W
16,Зызлова Мария Николаевна,430,8г,3,Зызлова_МН,BjnC5Cba
17,Королупов Валерий Тимофеевич,397,10д,5,Королупов_ВТ,7wCga7qz
18,Стенцов Евгений Яковлевич,315,8и,4,Стенцов_ЕЯ,scpXE4La
19,Феклисов Константин Виталиевич,270,9т,None,Феклисов_КВ,3XpIk71f
20,Синелев Руслан Тимофеевич,300,8и,2,Синелев_РТ,GE22ixtp
21,Опевалова Вера Евгеньевна,473,9д,5,Опевалова_ВЕ,YbeZ39qX
22,Назерова Вероника Василевна,206,7б,5,Назерова_ВВ,WUcwjCEW
23,Дименская Светлана Дмитриевна,387,9д,5,Дименская_СД,mt41xSFe
24,Ковторева Раиса Василевна,482,9и,2,Ковторева_РВ,hYBZTm9b
25,Кулишнин Вячеслав Яковлевич,386,11х,5,Кулишнин_ВЯ,lrnu9Scy
26,Лексин Кирилл Антонович,139,7в,5,Лексин_КА,B6fET3sZ
27,Лаковский Григорий Василиевич,240,7д,5,Лаковский_ГВ,1PpZey7M
28,Барамыкова Александра Алексеевна,106,10а,3,Барамыкова_АА,kjhuNHLC
29,Плясулина Оксана Андреевна,346,8х,2,Плясулина_ОА,FqqXtifh
30,Петрикеев Станислав Яковлевич,14,7и,4,Петрикеев_СЯ,kNtHrge4
31,Моторыгин Илья Георгиевич,238,10и,5,Моторыгин_ИГ,2eibOaui
32,Рыков Тарас Павлович,174,10и,5,Рыков_ТП,QLpiqmIn
33,Иончикова Елизавета Егоровна,169,8д,5,Иончикова_ЕЕ,cPz8GbxS
34,Смолькина Алиса Егоровна,441,7г,5,Смолькина_АЕ,VtzRMhBE
35,Оболенин Герасим Павлович,472,7и,4,Оболенин_ГП,xkxYfA4o
36,Трощинский Георгий Борисович,67,9д,3,Трощинский_ГБ,dWTy0bVD
37,Поддубская Лиза Игоревна,496,10а,4,Поддубская_ЛИ,41q36Pe2
38,Телькова Валерия Олеговна,335,7х,4,Телькова_ВО,jiPQQmYq
39,Чигварина Александра Алексеевна,428,10б,2,Чигварина_АА,R6iyen7m
40,Киреевский Артур Игоревич,119,7в,3,Киреевский_АИ,SNBDBWw0
41,Шумейкин Роман Павлович,420,8в,5,Шумейкин_РП,NsmR2HKD
42,Трушинов Максим Алексиевич,82,8и,4,Трушинов_МА,brn5F9qa
43,Голюков Денис Сергеевич,62,11б,4,Голюков_ДС,l9VPBJ6s
44,Хлиманкова Надежда Валерьевна,461,10б,3,Хлиманкова_НВ,KppndskN
45,Кулаженков Алексей Олегович,367,10в,2,Кулаженков_АО,cH5wc3Es
46,Бутукин Владимир Адамович,221,7х,5,Бутукин_ВА,96WydgDt
47,Поддуев Леонид Олегович,149,9х,4,Поддуев_ЛО,atyQmh53
48,Ревцев Василий Павлович,360,9х,5,Ревцев_ВП,g5lf0Ygy
49,Старокожев Артём Юрьевич,46,8д,3,Старокожев_АЮ,vjW8uTfE
50,Светошев Максим Михаилович,321,10х,2,Светошев_ММ,g7PtTdYy
51,Старынина Кристина Федоровна,266,9д,3,Старынина_КФ,MxFhHVBA
52,Востров Дмитрий Денисович,282,9г,3,Востров_ДД,NghLVTo9
53,Бураханова Анастасия Леонидовна,16,8г,2,Бураханова_АЛ,jHg3R3Hh
54,Понизов Виктор Кириллович,214,11и,5,Понизов_ВК,ya01f6lN
55,Суздалев Валерий Алексеевич,66,11т,5,Суздалев_ВА,gaIY4z5R
56,Колендин Дмитрий Алексеевич,153,10в,4,Колендин_ДА,yb8TNDZz
57,Сулькова Екатерина Андреевна,325,8и,4,Сулькова_ЕА,M17z8Aee
58,Аржевитова Надежда Федоровна,242,10в,2,Аржевитова_НФ,5OEoAVn0
59,Крассов Валерий Олегович,201,8х,5,Крассов_ВО,TSmHFnPQ
60,Сонураева Инна Андреевна,450,9т,3,Сонураева_ИА,HHEhY5q1
61,Пашин Роман Вадимович,204,10д,2,Пашин_РВ,gQgSeZIl
62,Фичкина Евгения Федоровна,29,11д,3,Фичкина_ЕФ,VFapN6TR
63,Свилин Олег Виталиевич,123,8в,2,Свилин_ОВ,Ay8bP0ch
64,Рогоцкий Андрей Адамович,142,9в,2,Рогоцкий_АА,fesEux5A
65,Ахантьев Игорь Валериевич,80,10д,5,Ахантьев_ИВ,yA0CwkE8
66,Сочиникова Ксения Кирилловна,100,10д,2,Сочиникова_КК,irN0yOey
67,Остюков Артур Романович,329,11и,3,Остюков_АР,I5o0hlHc
68,Брюкина Оксана Викторовна,98,8в,5,Брюкина_ОВ,WCbHKGjT
69,Кузовенков Игорь Юрьевич,322,9г,None,Кузовенков_ИЮ,aZ0Wehbd
70,Калухов Тарас Иванович,207,11а,3,Калухов_ТИ,1zqL7X0k
71,Батыров Пётр Виталиевич,227,7и,3,Батыров_ПВ,kQTHPWGP
72,Озрина Катерина Валерьевна,147,10а,4,Озрина_КВ,uVc5VkJg
73,Декалова Полина Леонидовна,470,11д,5,Декалова_ПЛ,lLSCu6x5
74,Лосицкий Владимир Кириллович,369,9т,5,Лосицкий_ВК,NRABnDcr
75,Магнусов Пётр Максимович,437,7и,5,Магнусов_ПМ,xZ66clqn
76,Лавренков Михаил Василиевич,188,9б,2,Лавренков_МВ,F2MVJi7s
77,Шушкалова Вероника Алексеевна,411,8т,5,Шушкалова_ВА,FI9Vjo0d
78,Бороданова Маргарита Дмитриевна,118,7г,5,Бороданова_МД,GAVOVyFv
79,Циркина Виолетта Федоровна,231,9г,2,Циркина_ВФ,aCqb0rVe
80,Болохина Екатерина Андреевна,194,11д,3,Болохина_ЕА,3CeA8OmD
81,Чукалова Дарья Валерьевна,20,10г,4,Чукалова_ДВ,xE05zz2T
82,Беловолов Степан Петрович,222,9д,2,Беловолов_СП,CEaNm5TY
83,Зудейкина Вероника Ивановна,166,8и,3,Зудейкина_ВИ,vu9zAWJr
84,Макунова Мария Борисовна,47,9в,5,Макунова_МБ,AeGmrBVe
85,Верзанский Геннадий Андреевич,497,7д,5,Верзанский_ГА,y43QhOxD
86,Алтубин Ярослав Леонидович,414,10г,5,Алтубин_ЯЛ,NZNO5GQC
87,Аузин Игорь Алексиевич,435,8х,5,Аузин_ИА,TbTQ6Le2
88,Калыгин Степан Тимофеевич,353,8и,2,Калыгин_СТ,TJj19oFD
89,Дурныгина Полина Игоревна,72,8и,2,Дурныгина_ПИ,jSDuN6qH
90,Антюфеева Александра Вадимовна,347,8и,2,Антюфеева_АВ,JbuzqDIc
91,Лощинский Борис Романович,210,10б,3,Лощинский_БР,KDNKDlyS
92,Ходорков Евгений Виталиевич,344,9г,5,Ходорков_ЕВ,ZtqQaPo0
93,Кафорин Федор Данилович,427,10д,3,Кафорин_ФД,ItQU9TpZ
94,Косынская Алиса Дмитриевна,40,9в,3,Косынская_АД,pVVKo4xt
95,Беремцев Артём Антонович,434,11т,2,Беремцев_АА,4gSbQnR8
96,Влянская Мария Андреевна,490,7т,4,Влянская_МА,YzeidSpc
97,Мыгеева Лиза Василевна,280,8в,5,Мыгеева_ЛВ,xgr7qn5r
98,Акутникова Мария Алексеевна,173,11в,2,Акутникова_МА,xiotCg1Z
99,Карябкин Константин Максимович,89,7и,2,Карябкин_КМ,p5DOx8th
100,Прилепина Яна Максимовна,30,10в,5,Прилепина_ЯМ,TUqBTDPC
101,Ведищев Никита Георгиевич,365,7и,5,Ведищев_НГ,KDTawltc
102,Самчева Вероника Борисовна,287,10г,3,Самчева_ВБ,wPdjAMsk
103,Пирцхалова Карина Леонидовна,452,10г,5,Пирцхалова_КЛ,bpinB1si
104,Павлочев Денис Борисович,432,11д,5,Павлочев_ДБ,jkRz6Fbr
105,Арашкова Екатерина Евгеньевна,356,8х,None,Арашкова_ЕЕ,he9JQ30b
106,Байсарова Людмила Василевна,215,11и,2,Байсарова_ЛВ,JpnYwrV5
107,Кудекина Зинаида Игоревна,250,10и,3,Кудекина_ЗИ,LZPmuKJQ
108,Дерналов Виталий Викторович,1,9г,4,Дерналов_ВВ,fVytH6fX
109,Сазинова Галина Романовна,61,9и,3,Сазинова_ГР,Hsupp8kx
110,Остаченова Марина Эдуардовна,229,9т,5,Остаченова_МЭ,8sgNcSnw
111,Битюкова Яна Егоровна,488,9и,4,Битюкова_ЯЕ,9PJcxfpl
112,Иваницкий Константин Борисович,232,8д,5,Иваницкий_КБ,8XBU9rQi
113,Белянский Владислав Игоревич,74,11б,5,Белянский_ВИ,yb4lyOyh
114,Баранкин Артём Алексеевич,382,9т,2,Баранкин_АА,wWCx8PLD
115,Шкабанова Софья Вадимовна,499,9х,4,Шкабанова_СВ,bzI6AOY1
116,Полозлов Денис Адамович,155,8т,3,Полозлов_ДА,D9m8nWxh
117,Жунина Светлана Михайловна,162,8в,3,Жунина_СМ,vMMOgiMb
118,Пантыкин Борис Игоревич,245,9х,2,Пантыкин_БИ,3MIuveYE
119,Доутова Марина Богдановна,189,11х,2,Доутова_МБ,aS6cxybd
120,Трещалова Яна Андреевна,330,8б,3,Трещалова_ЯА,MzR6MCu0
121,Ивашечкин Александр Данилович,390,10т,4,Ивашечкин_АД,rlGGKmbw
122,Мазьянова Инна Богдановна,416,11в,4,Мазьянова_ИБ,fnMS7pi2
123,Корогев Николай Евгеньевич,184,8б,5,Корогев_НЕ,tP1onLQ9
124,Заидова Галина Максимовна,88,9т,4,Заидова_ГМ,3q0pS0VZ
125,Рамхин Кирилл Алексиевич,459,9х,4,Рамхин_КА,9YQ4xmnZ
126,Кизбабаев Эдуард Фёдорович,415,11т,2,Кизбабаев_ЭФ,HCynxM8O
127,Соурчаков Ярослав Валериевич,268,8б,2,Соурчаков_ЯВ,3qK3yXUT
128,Мотяшева Алена Михайловна,404,7т,2,Мотяшева_АМ,jJTdcwZo
129,Горшкова Наталия Яковлевна,340,11а,2,Горшкова_НЯ,gLH2nmko
130,Зябрицкий Игорь Виталиевич,332,7а,5,Зябрицкий_ИВ,KaHNmKhy
131,Шельдяев Игорь Юриевич,97,7д,5,Шельдяев_ИЮ,jtDAsubL
132,Шмелькин Максим Викторович,483,9т,5,Шмелькин_МВ,teEIkDWb
133,Жалкин Алексей Алексеевич,43,7а,3,Жалкин_АА,oEhd9uc1
134,Худасов Денис Максимович,70,10д,2,Худасов_ДМ,3KAAvwkI
135,Швичкова Наталья Эдуардовна,398,7г,4,Швичкова_НЭ,ugzPfSHj
136,Едская Жанна Валерьевна,436,11в,4,Едская_ЖВ,gsHiIoff
137,Поморзина Полина Евгеньевна,122,7д,4,Поморзина_ПЕ,YGMB5z9M
138,Будачева Кира Олеговна,55,11х,4,Будачева_КО,hewmcwki
139,Молкаев Василий Валериевич,216,8д,2,Молкаев_ВВ,qRj3fESF
140,Яцынин Константин Тимофеевич,285,7г,2,Яцынин_КТ,LroBTini
141,Маховиков Василий Петрович,391,7х,4,Маховиков_ВП,CRBCfUP6
142,Шаметова Евгения Вадимовна,463,7а,2,Шаметова_ЕВ,t1lRlmP2
143,Законнова Жанна Евгеньевна,442,11и,None,Законнова_ЖЕ,aHTEKwlh
144,Перчихин Аркадий Тимофеевич,164,10т,3,Перчихин_АТ,wlpA7NJq
145,Бурдасова Ксения Игоревна,203,9а,3,Бурдасова_КИ,TZJsco4O
146,Киссин Степан Иванович,251,7х,5,Киссин_СИ,kvfEwbFG
147,Вапилина Мария Егоровна,77,7д,2,Вапилина_МЕ,zS7m1TLD
148,Сигутина Дарья Федоровна,458,7б,2,Сигутина_ДФ,szQogmPS
149,Сошьяков Альберт Фёдорович,17,7т,4,Сошьяков_АФ,daVDNmMW
150,Лугахина Клара Вадимовна,419,8в,4,Лугахина_КВ,FuAm537h
151,Логецкий Анатолий Виталиевич,372,11б,4,Логецкий_АВ,frAJfPKt
152,Ковайкова Юлия Егоровна,75,10г,2,Ковайкова_ЮЕ,BFbyqfUX
153,Вермутский Валерий Петрович,447,9и,5,Вермутский_ВП,9WnjWfl0
154,Россомахов Олег Юриевич,56,8в,2,Россомахов_ОЮ,ddN1DS5c
155,Циплакова Екатерина Егоровна,471,9б,5,Циплакова_ЕЕ,fjBQOHtN
156,Квятцева Алла Никитична,138,11в,2,Квятцева_АН,QmjC7qdt
157,Выхухолева Лариса Василевна,384,8б,5,Выхухолева_ЛВ,DR6KmHVh
158,Целохов Андрей Вадимович,433,8и,5,Целохов_АВ,Ccj18VI4
159,Бендин Иван Яковлевич,71,8и,4,Бендин_ИЯ,TXf5qsVC
160,Лазученков Василий Алексеевич,381,7х,2,Лазученков_ВА,fC5LLY8h
161,Скоропухов Михаил Василиевич,69,10и,3,Скоропухов_МВ,zgIZnQyc
162,Мухонкин Тарас Романович,126,9и,4,Мухонкин_ТР,IvvOjkQk
163,Камерцев Владимир Кириллович,303,7а,3,Камерцев_ВК,z9zrrIxc
164,Сандрыкина Анна Олеговна,324,10т,2,Сандрыкина_АО,gxGHk3gt
165,Недбайлов Алексей Денисович,15,7т,2,Недбайлов_АД,JFbCC53J
166,Серпков Ярослав Георгиевич,380,10б,4,Серпков_ЯГ,9hTo3QKM
167,Хатшуклов Аркадий Николаевич,42,11т,4,Хатшуклов_АН,7P5gVA10
168,Литвалиева Алиса Егоровна,10,11и,3,Литвалиева_АЕ,EmXSXJHp
169,Енесина Лиза Валерьевна,293,9б,5,Енесина_ЛВ,oHysYc7B
170,Пикальков Эдуард Алексиевич,21,8д,5,Пикальков_ЭА,m2MYhs81
171,Сачинский Валентин Кириллович,125,10т,2,Сачинский_ВК,j84pLsUb
172,Тарзанова Евгения Аркадьевна,96,9д,2,Тарзанова_ЕА,3MdmIe9N
173,Лапундин Юрий Игоревич,267,8и,5,Лапундин_ЮИ,8VKlaOcR
174,Личева Лиза Михайловна,453,9б,3,Личева_ЛМ,xvbOrFGB
175,Смароверов Яков Борисович,131,11в,4,Смароверов_ЯБ,6SAZ0jkJ
176,Вереина Алла Василевна,295,10и,3,Вереина_АВ,FdbqD9Ns
177,Погиблева Дарья Леонидовна,283,9в,5,Погиблева_ДЛ,Gi4leGfV
178,Байнова Анастасия Вадимовна,363,7б,3,Байнова_АВ,3PX4FC0q
179,Шиловский Вячеслав Максимович,438,9и,4,Шиловский_ВМ,umYWzfe6
180,Сыждиков Пётр Василиевич,494,11х,5,Сыждиков_ПВ,Vd2l0etq
181,Каценова Алёна Эдуардовна,165,11т,2,Каценова_АЭ,IGt0Q9OQ
182,Мужицких Ева Олеговна,348,8х,3,Мужицких_ЕО,y3QHVhdM
183,Плеснецов Степан Юрьевич,22,10а,2,Плеснецов_СЮ,HoLtxP2T
184,Игумнова Алёна Сергеевна,114,9д,4,Игумнова_АС,njtlbGvC
185,Хадаров Владимир Валериевич,278,11т,5,Хадаров_ВВ,u4obOMST
186,Ступакова Кира Ивановна,421,8и,3,Ступакова_КИ,rekGGPSf
187,Шоленинов Федор Максимович,286,11т,4,Шоленинов_ФМ,spnNme1u
188,Гундаров Руслан Николаевич,158,9д,4,Гундаров_РН,mko9IEef
189,Гречишева Марина Андреевна,464,7д,2,Гречишева_МА,4Qwqujhz
190,Утилова Алена Андреевна,253,11д,3,Утилова_АА,6PyVoOU1
191,Роткичева Алиса Максимовна,410,10а,4,Роткичева_АМ,z0avIGUf
192,Колтышева Марина Вадимовна,87,11г,4,Колтышева_МВ,MFI5sNIy
193,Гурычева Лариса Валерьевна,489,9б,2,Гурычева_ЛВ,k8KA78w5
194,Горцева Кристина Никитична,246,8и,4,Горцева_КН,MDcKVPNq
195,Кутурин Геннадий Денисович,197,9в,2,Кутурин_ГД,ULnkcVQv
196,Стефанков Яков Евгеньевич,318,10г,3,Стефанков_ЯЕ,ZRrEyI2e
197,Множина Людмила Василевна,90,8б,2,Множина_ЛВ,WfhAnxjf
198,Семисалов Георгий Иванович,316,9в,3,Семисалов_ГИ,K2JpFHwe
199,Рогалов Альберт Валериевич,327,9б,2,Рогалов_АВ,v2ZLEciU
200,Черетаева Анастасия Олеговна,341,9б,2,Черетаева_АО,B1oPqe3H
201,Радоминова Любовь Игоревна,25,9и,5,Радоминова_ЛИ,8lWvaP8z
202,Шувырина Лиза Андреевна,395,9а,5,Шувырина_ЛА,LoiYehgV
203,Калиженков Семён Алексеевич,401,11а,4,Калиженков_СА,w4JibsIp
204,Старокашин Константин Петрович,309,10а,3,Старокашин_КП,6trXkLpb
205,Малтоцов Аркадий Яковлевич,218,8а,3,Малтоцов_АЯ,cMAMvYSY
206,Кузеванова Ева Егоровна,116,7д,2,Кузеванова_ЕЕ,z8jrMRrP
207,Нурулина Алёна Егоровна,284,9х,2,Нурулина_АЕ,G5pXtpah
208,Лератов Герасим Сергеевич,374,10а,4,Лератов_ГС,GHjxml1W
209,Людин Руслан Аркадиевич,498,7и,3,Людин_РА,DxaDc8Zo
210,Пурин Виктор Данилович,154,8и,5,Пурин_ВД,v0FN50Qf
211,Лютов Виктор Юрьевич,288,11г,2,Лютов_ВЮ,B4GWePHH
212,Марюшкина Яна Федоровна,345,10д,5,Марюшкина_ЯФ,BVd8zM6a
213,Томилова Кристина Михайловна,492,11б,3,Томилова_КМ,wHEvGYgM
214,Дистерев Валерий Валериевич,24,7г,3,Дистерев_ВВ,2zleHtT7
215,Дочкин Геннадий Алексиевич,52,11и,5,Дочкин_ГА,34PrEic9
216,Иняхин Руслан Сергеевич,234,7и,5,Иняхин_РС,7r1SaaM6
217,Знайкова Раиса Егоровна,148,11х,3,Знайкова_РЕ,NFP280FO
218,Кашавцев Аркадий Леонидович,58,7а,4,Кашавцев_АЛ,x2fqYqzQ
219,Пятернина Кристина Андреевна,445,7и,2,Пятернина_КА,pDZF18DT
220,Гусеева Карина Викторовна,263,9и,2,Гусеева_КВ,PN6yjLJ5
221,Кастева Яна Сергеевна,108,7и,2,Кастева_ЯС,NjEkdNne
222,Гришанин Тарас Павлович,113,10т,2,Гришанин_ТП,LwQUwQvH
223,Грамоткин Илья Викторович,195,8д,5,Грамоткин_ИВ,ywCaX8vH
224,Мелисин Геннадий Василиевич,465,10г,2,Мелисин_ГВ,owcIn6MR
225,Цинина Светлана Яковлевна,105,11г,5,Цинина_СЯ,ns5Tm3Uo
226,Петов Георгий Адамович,57,9а,2,Петов_ГА,Qir4Vumt
227,Реева Валентина Максимовна,146,11и,5,Реева_ВМ,JMWNEsSx
228,Слесивых Мария Аркадьевна,35,7и,5,Слесивых_МА,PgB8y9tG
229,Афтаева Полина Ивановна,193,10д,5,Афтаева_ПИ,bTEJuq8D
230,Кривицкий Валентин Виталиевич,208,8х,5,Кривицкий_ВВ,NkoDPsJo
231,Чубатов Константин Леонидович,279,11а,4,Чубатов_КЛ,MMdYjmd5
232,Партенков Геннадий Павлович,418,8х,3,Партенков_ГП,NKL18shh
233,Черушев Григорий Борисович,84,7г,4,Черушев_ГБ,fj5ojJND
234,Тютекин Георгий Тимофеевич,262,7а,2,Тютекин_ГТ,o1V9akaN
235,Янкевский Вячеслав Адамович,167,11г,4,Янкевский_ВА,slUPWHPV
236,Сухручкина Клавдия Аркадьевна,177,7в,4,Сухручкина_КА,CBXlEJpz
237,Конофалова Клара Петровна,95,11д,5,Конофалова_КП,pNOcRQUh
238,Лигасов Михаил Павлович,491,11г,4,Лигасов_МП,LpaKctmn
239,Писарьков Альберт Игоревич,313,8в,4,Писарьков_АИ,kuhgiwaA
240,Варов Кирилл Иванович,28,8а,5,Варов_КИ,DB3dx3C3
241,Пурынов Евгений Петрович,244,9и,3,Пурынов_ЕП,2sjPDcET
242,Супрутская Вероника Викторовна,187,9а,2,Супрутская_ВВ,Jvg9Y61q
243,Скроцкая Алина Федоровна,127,8г,3,Скроцкая_АФ,OFmt6Lnq
244,Барадулин Вадим Юрьевич,281,11х,3,Барадулин_ВЮ,1xzQrwGk
245,Точилин Дмитрий Фёдорович,476,8а,2,Точилин_ДФ,VUAskGJs
246,Бикмуллин Руслан Валериевич,333,11т,2,Бикмуллин_РВ,zti7UUsn
247,Серпичев Василий Алексиевич,394,10х,5,Серпичев_ВА,5eXCyWTB
248,Вострышев Яков Аркадиевич,343,8г,5,Вострышев_ЯА,FUXxp7e1
249,Грушчева София Евгеньевна,480,11в,None,Грушчева_СЕ,9SHefmIR
250,Кулапов Александр Юрьевич,109,9б,5,Кулапов_АЮ,8Wemlg1D
251,Чибисенков Владислав Фёдорович,375,8х,3,Чибисенков_ВФ,37iDpARf
252,Утилов Роман Василиевич,254,9х,2,Утилов_РВ,QykynisS
253,Татаурова Галина Федоровна,145,10т,4,Татаурова_ГФ,4ZgddjSa
254,Визавитина Наталия Леонидовна,101,10г,2,Визавитина_НЛ,A1rDgDc1
255,Мягченков Артём Денисович,115,7б,4,Мягченков_АД,hQ8cGyL5
256,Брикова Инна Богдановна,256,9б,4,Брикова_ИБ,IgRMELrY
257,Наторкин Валентин Данилович,319,7и,2,Наторкин_ВД,K5UpArog
258,Эштрекова Софья Алексеевна,76,9в,3,Эштрекова_СА,28odirqv
259,Кутаманова Кира Андреевна,182,10т,2,Кутаманова_КА,gxpe9xNw
260,Кыштымова Евгения Эдуардовна,255,8в,5,Кыштымова_ЕЭ,Mwsxnu6v
261,Ккнязева Клавдия Дмитриевна,34,7б,5,Ккнязева_КД,z3YkS7zG
262,Глаголина Алиса Никитична,249,9д,2,Глаголина_АН,jTFXggV8
263,Рисина Раиса Валерьевна,451,10а,4,Рисина_РВ,4eu6OslJ
264,Ребров Алексей Георгиевич,289,8и,3,Ребров_АГ,ecL1yz8p
265,Вырысалова Александра Евгеньевна,39,11и,2,Вырысалова_АЕ,pvVRKlmq
266,Гомольский Владимир Юриевич,314,11х,5,Гомольский_ВЮ,25nUYASC
267,Швинова Марина Федоровна,271,8г,5,Швинова_МФ,fznb5MhV
268,Рудковская Инна Дмитриевна,6,7т,3,Рудковская_ИД,lAksc8vO
269,Решеткина Дарья Василевна,408,10и,3,Решеткина_ДВ,HEV7qCrp
270,Евстихеев Игорь Василиевич,422,10х,5,Евстихеев_ИВ,q2wkcTgi
271,Лазарина Алёна Федоровна,161,8б,3,Лазарина_АФ,ZGlr1LtM
272,Гляченков Григорий Николаевич,431,10а,5,Гляченков_ГН,zQoay2wN
273,Чардынцева Алина Вадимовна,135,10д,3,Чардынцева_АВ,RR9zXY4p
274,Скаредов Яков Иванович,337,9т,5,Скаредов_ЯИ,sQk3Th5l
275,Юрицкий Эдуард Денисович,192,7д,3,Юрицкий_ЭД,FeuRaG6X
276,Кравчина Светлана Аркадьевна,413,11г,5,Кравчина_СА,qQ0PF9Au
277,Чмареткова Полина Вадимовна,449,10а,2,Чмареткова_ПВ,j2sj2TZg
278,Углова Галина Романовна,260,9г,3,Углова_ГР,ehey5cWg
279,Згуровская Виктория Андреевна,220,9т,4,Згуровская_ВА,vMvAcplp
280,Секерский Станислав Сергеевич,235,10а,4,Секерский_СС,Z5xRqzDN
281,Жевайкин Евгений Адамович,86,11г,3,Жевайкин_ЕА,mj939tjK
282,Коточигов Семён Игоревич,26,9д,5,Коточигов_СИ,ZsFJg4VL
283,Калонин Альберт Денисович,297,8б,2,Калонин_АД,t4wiv7ZP
284,Валягин Григорий Антонович,94,10в,4,Валягин_ГА,oCOc9WTD
285,Коцева Кристина Николаевна,412,9г,3,Коцева_КН,kTLNWgSu
286,Голина Кристина Максимовна,3,7х,3,Голина_КМ,Y7vFZYhf
287,Батрамеев Анатолий Романович,354,9х,3,Батрамеев_АР,hvIcmy1t
288,Чикмарев Валентин Валериевич,306,9и,5,Чикмарев_ВВ,F56HWvBH
289,Киницына Валерия Олеговна,202,7х,4,Киницына_ВО,IGfrv13s
290,Числин Юрий Денисович,121,7в,2,Числин_ЮД,Ok5ZxTxh
291,Стебунова Юлия Романовна,358,9т,3,Стебунова_ЮР,wUaoln6k
292,Кацов Павел Павлович,236,10г,5,Кацов_ПП,Hp7iBRZ4
293,Гоцев Тарас Викторович,41,8в,3,Гоцев_ТВ,f1drLNzE
294,Мотовицкий Роман Аркадиевич,31,11и,5,Мотовицкий_РА,xcNeWF8g
295,Чурзина Клара Егоровна,308,10б,3,Чурзина_КЕ,AnpYikqN
296,Щепалкина Валерия Сергеевна,134,9б,4,Щепалкина_ВС,p6tb77Gj
297,Утимишев Ярослав Игоревич,239,11а,3,Утимишев_ЯИ,XZRfrnIA
298,Алуханов Кирилл Фёдорович,298,7т,2,Алуханов_КФ,iFfEXboQ
299,Полунеев Валентин Валериевич,307,8и,2,Полунеев_ВВ,tOc4H0pC
300,Крупенова Наталия Андреевна,209,7в,5,Крупенова_НА,5Q6RNvaZ
301,Корнюшин Илья Юрьевич,44,10т,3,Корнюшин_ИЮ,mj9IS7JH
302,Паушева Виолетта Никитична,310,8г,4,Паушева_ВН,6kNERQKb
303,Берзин Герасим Антонович,349,11т,5,Берзин_ГА,YZnQ1JKi
304,Шулунова Алла Алексеевна,54,7д,4,Шулунова_АА,VBB3UDxQ
305,Трепашова София Яковлевна,399,11а,2,Трепашова_СЯ,DFM3LOon
306,Чумейкин Константин Антонович,8,8б,5,Чумейкин_КА,5i1ushe2
307,Польшиков Денис Игоревич,495,9и,2,Польшиков_ДИ,RNtOITS7
308,Медоусова Жанна Романовна,252,7б,2,Медоусова_ЖР,KzzTSFJX
309,Акуратова Клавдия Андреевна,92,9г,5,Акуратова_КА,g2tVM43U
310,Курмеева Елизавета Валерьевна,486,8а,5,Курмеева_ЕВ,TCz33TYd
311,Бадов Александр Аркадиевич,217,10г,3,Бадов_АА,edaZfSOz
312,Бакушин Эдуард Адамович,265,7б,5,Бакушин_ЭА,tDa1l8QV
313,Чебина Инна Сергеевна,273,10т,2,Чебина_ИС,PIJATdS0
314,Подледнова Наталья Ивановна,112,11и,3,Подледнова_НИ,63SYEGvi
315,Садгеева Лиза Евгеньевна,460,11г,3,Садгеева_ЛЕ,GCwABoed
316,Акушин Борис Павлович,493,9т,2,Акушин_БП,BsHr1c5V
317,Аришев Руслан Кириллович,379,10т,3,Аришев_РК,WSe1oFXe
318,Гуслова Кристина Олеговна,389,9в,2,Гуслова_КО,hek67qPB
319,Глоточкина Оксана Аркадьевна,370,9и,5,Глоточкина_ОА,vzYtoIDW
320,Шапина Маргарита Романовна,163,8б,5,Шапина_МР,JlfD0HIV
321,Дурылин Георгий Валериевич,261,11т,4,Дурылин_ГВ,z9fYiEMm
322,Болкисева Анна Викторовна,248,7х,4,Болкисева_АВ,WXYpwIKN
323,Багапов Вячеслав Сергеевич,99,7д,4,Багапов_ВС,NV44dnRb
324,Люцарева Яна Аркадьевна,376,11б,2,Люцарева_ЯА,HK6TWoSV
325,Боготынина София Егоровна,63,11б,5,Боготынина_СЕ,xJFPzCor
326,Саюшкин Игорь Алексиевич,211,11х,5,Саюшкин_ИА,Drx9xLuM
327,Потешных Тамара Николаевна,468,11в,3,Потешных_ТН,i9MzwBPS
328,Незлина Жанна Василевна,426,8б,5,Незлина_ЖВ,5RFa1JIt
329,Федичева Вероника Кирилловна,37,7х,4,Федичева_ВК,vbVaun4u
330,Пустынкин Вадим Антонович,388,10в,5,Пустынкин_ВА,bV3ONYfn
331,Аринакова Ирина Михайловна,150,8в,5,Аринакова_ИМ,qs5gZoyb
332,Обиралкова Мария Егоровна,294,11т,5,Обиралкова_МЕ,zWtCrQei
333,Аристарова Валентина Максимовна,443,11г,2,Аристарова_ВМ,T4ILy0oy
334,Яуров Герасим Юрьевич,38,9а,5,Яуров_ГЮ,BjlB62qh
335,Духонькин Вячеслав Фёдорович,2,9в,4,Духонькин_ВФ,DfAUJtiW
336,Гвасков Евгений Михаилович,402,9в,5,Гвасков_ЕМ,PLK3gkFq
337,Жабынина Галина Николаевна,185,7х,5,Жабынина_ГН,vm8bD2z6
338,Шерюкова Виолетта Романовна,440,9б,4,Шерюкова_ВР,OiYNYe8J
339,Колокатов Пётр Евгеньевич,484,10в,3,Колокатов_ПЕ,BNWnJuOp
340,Шайдуков Андрей Михаилович,317,9и,4,Шайдуков_АМ,r3zuesTf
341,Смирнягина Дарья Игоревна,425,10в,4,Смирнягина_ДИ,fTaylFzH
342,Штырева Ева Олеговна,258,11и,2,Штырева_ЕО,dxZrKYu6
343,Ашукин Вячеслав Михаилович,191,10т,4,Ашукин_ВМ,4xBLhSJh
344,Рубченкова Галина Алексеевна,190,9в,3,Рубченкова_ГА,u45XFikk
345,Зархин Иван Алексиевич,478,11и,5,Зархин_ИА,WjOv759F
346,Адиотов Дмитрий Павлович,156,7б,3,Адиотов_ДП,5BuBlKlm
347,Тищенкова Раиса Валерьевна,79,7д,3,Тищенкова_РВ,oDhBaSKM
348,Лозеев Илья Петрович,205,10д,2,Лозеев_ИП,XEmkVN15
349,Кобяшов Герасим Михаилович,305,11т,2,Кобяшов_ГМ,89XlywIf
350,Ронова Клавдия Валерьевна,107,7и,4,Ронова_КВ,DifDYjKS
351,Стрижнов Алексей Евгеньевич,385,11г,3,Стрижнов_АЕ,Q5O9V4v2
352,Волынский Алексей Виталиевич,362,11т,5,Волынский_АВ,rr5nD6CX
353,Машонский Василий Данилович,23,9д,5,Машонский_ВД,6RdpIBdp
354,Буриева Зинаида Аркадьевна,104,11д,4,Буриева_ЗА,jiyF8yHx
355,Борщина Алёна Ивановна,377,11а,5,Борщина_АИ,fK1B6cg8
356,Белчков Олег Иванович,275,10а,4,Белчков_ОИ,6dDpR97B
357,Остропиков Альберт Данилович,157,8г,2,Остропиков_АД,U4y3yVq3
358,Оргонова Любовь Максимовна,264,7б,4,Оргонова_ЛМ,A6AtMuB8
359,Мальков Юрий Евгеньевич,228,7г,3,Мальков_ЮЕ,WBytdFxD
360,Свльхова Наталья Вадимовна,160,9т,5,Свльхова_НВ,r5eBLQ8L
361,Мякушков Герасим Леонидович,102,10т,3,Мякушков_ГЛ,PhnWnEh0
362,Межуев Георгий Юриевич,355,8г,4,Межуев_ГЮ,N1JUYlZX
363,Чериншев Александр Сергеевич,439,8а,2,Чериншев_АС,crOvNMHq
364,Муниров Алексей Андреевич,117,11г,3,Муниров_АА,o6StNqBT
365,Климухин Руслан Романович,269,10в,3,Климухин_РР,Gymtgv4X
366,Дембская Екатерина Никитична,64,11б,4,Дембская_ЕН,vRvUnA6D
367,Тюнеев Яков Фёдорович,417,10т,2,Тюнеев_ЯФ,8fhesuDs
368,Трушитин Антон Данилович,168,9х,3,Трушитин_АД,Oj6923s8
369,Балакишиев Роман Алексиевич,143,11х,5,Балакишиев_РА,cCyK0ZFi
370,Немтюрева Валерия Аркадьевна,12,10г,4,Немтюрева_ВА,nGaD7nbh
371,Складанова Клавдия Аркадьевна,257,9а,3,Складанова_КА,kzMGP8V1
372,Заходина Полина Леонидовна,93,10д,4,Заходина_ПЛ,0micqwKO
373,Муринов Анатолий Борисович,171,11б,5,Муринов_АБ,texuOsMz
374,Гришалова Любовь Евгеньевна,301,8т,3,Гришалова_ЛЕ,DvjcEbA5
375,Ситчихин Станислав Георгиевич,247,8т,5,Ситчихин_СГ,edOfc09k
376,Просяных Георгий Василиевич,366,9в,2,Просяных_ГВ,Y5EmrIuF
377,Дзабиев Григорий Георгиевич,259,11д,5,Дзабиев_ГГ,QcAeuMKW
378,Рыбаулин Григорий Алексеевич,140,11а,5,Рыбаулин_ГА,cTyKOhy8
379,Тупиева Екатерина Ивановна,400,7д,2,Тупиева_ЕИ,4zcylkl5
380,Куверчева Алена Ивановна,170,10д,3,Куверчева_АИ,RgcvSbMY
381,Цаблинова Виктория Богдановна,342,9г,4,Цаблинова_ВБ,uBk6HkkV
382,Синенков Григорий Леонидович,230,9в,5,Синенков_ГЛ,d2BU4a9b
383,Лизункин Артур Олегович,4,11в,5,Лизункин_АО,KZah2Leg
384,Славущева Александра Эдуардовна,81,8а,5,Славущева_АЭ,xZhmBXja
385,Шахвердов Дмитрий Антонович,132,11б,2,Шахвердов_ДА,2PfJCmhe
386,Рапацкая Ольга Ивановна,223,10г,3,Рапацкая_ОИ,tJBbVli1
387,Сторокожев Виталий Аркадиевич,159,9б,2,Сторокожев_ВА,P8Zs4ZoD
388,Половодов Кирилл Николаевич,18,8т,5,Половодов_КН,4WkFlPa9
389,Халтанова Алена Дмитриевна,49,8б,3,Халтанова_АД,J6vWWwYo
390,Заложнев Роман Фёдорович,448,8в,4,Заложнев_РФ,BPazJSFW
391,Рыжих Кристина Аркадьевна,213,7а,4,Рыжих_КА,emOtmXnS
392,Буров Руслан Игоревич,405,11и,5,Буров_РИ,BgJgDW4Q
393,Гачков Виталий Евгеньевич,277,9т,4,Гачков_ВЕ,L1MF8hew
394,Кадилов Геннадий Борисович,225,10в,3,Кадилов_ГБ,XpYf6q5t
395,Гликина Алёна Эдуардовна,454,9б,3,Гликина_АЭ,xYP4U3ce
396,Ичкинина Любовь Андреевна,299,8г,5,Ичкинина_ЛА,vFToScIx
397,Мозшорина Кира Дмитриевна,65,8б,3,Мозшорина_КД,rjfH51IT
398,Брижеватов Константин Борисович,152,11т,2,Брижеватов_КБ,oolAE1aM
399,Бучеров Тарас Викторович,429,10д,4,Бучеров_ТВ,5UMXiVki
400,Мисютина Валерия Эдуардовна,368,9г,2,Мисютина_ВЭ,hdBPJiKd
401,Льянов Федор Вадимович,328,8а,4,Льянов_ФВ,vZrgT69D
402,Щуркин Георгий Яковлевич,180,8в,4,Щуркин_ГЯ,ZtNHO2to
403,Акулин Федор Адамович,241,10г,4,Акулин_ФА,jqQipwRA
404,Волженкова Екатерина Ивановна,233,9д,4,Волженкова_ЕИ,i6NbF85Y
405,Махометова София Викторовна,424,8и,3,Махометова_СВ,wLhGSCcI
406,Зызлов Геннадий Антонович,274,7в,3,Зызлов_ГА,suVLu8NT
407,Девляшова Кира Олеговна,51,11д,5,Девляшова_КО,1Yelwexf
408,Яковкина Алена Никитична,320,9т,5,Яковкина_АН,0KmreIoa
409,Бузулев Вадим Николаевич,331,10д,3,Бузулев_ВН,WK6FeXcO
410,Ганельский Юрий Юриевич,474,9д,3,Ганельский_ЮЮ,6dWKpmbG
411,Шкапрова Ева Ивановна,371,7б,5,Шкапрова_ЕИ,vq6SlA1i
412,Чичирин Владимир Георгиевич,11,10а,4,Чичирин_ВГ,gPSISsv1
413,Шилова Надежда Викторовна,124,9б,2,Шилова_НВ,WOQjMA1F
414,Коваев Руслан Михаилович,487,9т,3,Коваев_РМ,Iqz6GKsU
415,Саверина Надежда Андреевна,407,11б,4,Саверина_НА,jBfIePaE
416,Тишанкин Олег Адамович,334,9д,3,Тишанкин_ОА,xNT4gLQz
417,Широпаев Валерий Сергеевич,406,9б,2,Широпаев_ВС,U6GbT6WO
418,Щепанин Олег Адамович,226,7а,3,Щепанин_ОА,cJYLBYNW
419,Оплетин Владислав Аркадиевич,361,10х,4,Оплетин_ВА,UAQ3HrpE
420,Оденова Карина Андреевна,409,8и,4,Оденова_КА,y8024bpR
421,Семагин Альберт Андреевич,456,10х,4,Семагин_АА,E10ZYk0E
422,Черданцева Анастасия Олеговна,128,8х,3,Черданцева_АО,Ynza3I90
423,Лонцова Елизавета Эдуардовна,224,7х,3,Лонцова_ЕЭ,xccas0Bi
424,Сарсекеева Алёна Никитична,462,11и,4,Сарсекеева_АН,gszeQHrb
425,Аковецкий Антон Евгеньевич,500,8б,4,Аковецкий_АЕ,wc0PmZqh
426,Аратский Станислав Борисович,351,9и,2,Аратский_СБ,YsLB7IPx
427,Чужриков Пётр Денисович,200,9в,3,Чужриков_ПД,lcNSf0vj
428,Никитшин Алексей Кириллович,111,11и,3,Никитшин_АК,HNklf2FU
429,Симендяев Василий Алексиевич,45,8д,4,Симендяев_ВА,1Oe6JG7D
430,Ошитков Максим Сергеевич,151,10г,4,Ошитков_МС,TW1s84vX
431,Юрасов Евгений Романович,338,9и,3,Юрасов_ЕР,LeXt4ROB
432,Головяшин Павел Юриевич,179,7г,5,Головяшин_ПЮ,Vl9ymX0z
433,Манжурина Екатерина Сергеевна,219,7т,3,Манжурина_ЕС,Pv4FbKrH
434,Никурашин Олег Евгеньевич,291,11х,2,Никурашин_ОЕ,g84tgOQ9
435,Бехтерев Федор Вадимович,137,9х,3,Бехтерев_ФВ,RNdqPq3X
436,Годлевская Катерина Дмитриевна,403,11г,3,Годлевская_КД,GnurC2lw
437,Акиярова Алина Эдуардовна,9,11а,4,Акиярова_АЭ,sX3BbG59
438,Милина Алена Петровна,359,8г,3,Милина_АП,L9bCqHUx
439,Воловин Борис Викторович,350,7т,2,Воловин_БВ,eOgqVZ82
440,Туморина Ксения Федоровна,133,8б,5,Туморина_КФ,ebkS8xfm
441,Желейков Вячеслав Яковлевич,199,8г,3,Желейков_ВЯ,dpoFHFTI
442,Шишорнина Екатерина Алексеевна,183,8т,3,Шишорнина_ЕА,3qqCkHOE
443,Юумогулова Виолетта Игоревна,311,10х,3,Юумогулова_ВИ,wz2LOnOK
444,Рецков Денис Денисович,85,10д,2,Рецков_ДД,isJKvtzS
445,Химунина Елизавета Ивановна,392,7д,2,Химунина_ЕИ,xICotT3I
446,Кобрянов Александр Алексиевич,455,7т,2,Кобрянов_АА,o74MHRWi
447,Бирылов Тарас Данилович,243,11а,3,Бирылов_ТД,f0DJLHbi
448,Туфатулин Ярослав Леонидович,485,8х,4,Туфатулин_ЯЛ,rLFlyKKr
449,Долбишев Николай Аркадиевич,292,10б,5,Долбишев_НА,NHPzxPZr
450,Махтумова Алёна Эдуардовна,186,10б,4,Махтумова_АЭ,w54uzvV4
451,Нарзаркин Алексей Романович,423,10т,2,Нарзаркин_АР,4gLuknZT
452,Куранина Алена Леонидовна,196,9б,4,Куранина_АЛ,qxSVgTko
453,Ситюков Аркадий Евгеньевич,32,10в,3,Ситюков_АЕ,Ul3f4EXH
454,Мизюрова Алиса Никитична,176,7г,4,Мизюрова_АН,TFFVohnK
455,Пандурова Алиса Дмитриевна,130,9б,2,Пандурова_АД,DHz5r1RR
456,Жилейкин Борис Тимофеевич,91,7в,2,Жилейкин_БТ,vqv3u4bO
457,Корпункова Виолетта Сергеевна,83,11а,3,Корпункова_ВС,IIkC6CUd
458,Пашохонова Анастасия Федоровна,467,9в,4,Пашохонова_АФ,hktuPAvr
459,Сузальцева Тамара Михайловна,357,8х,4,Сузальцева_ТМ,jLaSJ2Mv
460,Чиличкина Светлана Яковлевна,5,8в,5,Чиличкина_СЯ,LuzTU1Bq
461,Шантыкова Карина Максимовна,198,10д,3,Шантыкова_КМ,rLx17736
462,Недосекин Владислав Яковлевич,457,10а,4,Недосекин_ВЯ,EZQJBsWX
463,Максимкин Федор Фёдорович,172,10г,2,Максимкин_ФФ,QEV75WPT
464,Матбиюшина Виктория Игоревна,237,8д,2,Матбиюшина_ВИ,x7cNV4sb
465,Шишкунов Герасим Юрьевич,110,8т,4,Шишкунов_ГЮ,1R2cUjtN
466,Сухинин Георгий Алексиевич,475,10х,4,Сухинин_ГА,cItjKK7V
467,Бисеева Полина Романовна,48,7д,5,Бисеева_ПР,1A5KlbRK
468,Жукулов Михаил Денисович,60,11г,3,Жукулов_МД,LrPQfND9
469,Тоняев Герасим Петрович,378,9т,5,Тоняев_ГП,AxLcmoeT
470,Шушенкова Алёна Олеговна,36,7и,2,Шушенкова_АО,6j6Uz6PL
471,Разроев Дмитрий Павлович,59,9а,2,Разроев_ДП,ZJ9KcTBX
472,Баззаев Анатолий Данилович,339,9д,2,Баззаев_АД,tqVvBJ0I
473,Цекова Алла Олеговна,50,8д,2,Цекова_АО,aHAndz4t
474,Аборонова Алиса Алексеевна,444,7г,5,Аборонова_АА,AsT4hjuO
475,Ягловская Ева Олеговна,181,8в,4,Ягловская_ЕО,7gbexsLA
476,Шароварова Яна Романовна,175,8а,4,Шароварова_ЯР,1bpRajzG
477,Общев Яков Викторович,466,8а,4,Общев_ЯВ,iYo6vlMP
478,Ойзерская Катерина Эдуардовна,120,7х,2,Ойзерская_КЭ,suOITgy7
479,Прусский Ярослав Иванович,479,11б,2,Прусский_ЯИ,1TdRIH2H
480,Лабинов Павел Алексеевич,272,7б,5,Лабинов_ПА,LK5xPdAp
481,Покровов Эдуард Павлович,312,8б,2,Покровов_ЭП,g8KoDhvN
482,Мачехин Эдуард Данилович,19,7д,3,Мачехин_ЭД,S74uJx43
483,Кодорская Раиса Ивановна,27,11б,3,Кодорская_РИ,8vYTkC9d
484,Кондраева Марина Ивановна,469,9д,3,Кондраева_МИ,J7z7xaNa
485,Бульенков Валентин Иванович,136,10т,4,Бульенков_ВИ,aj9LzNU3
486,Тагакова Вероника Яковлевна,393,8т,4,Тагакова_ВЯ,9iDVHRxs
487,Гершанова Любовь Евгеньевна,383,11т,5,Гершанова_ЛЕ,tYuvvj0s
488,Салина Алена Егоровна,73,11в,5,Салина_АЕ,67V5A74i
489,Фрумова Зинаида Аркадьевна,78,8а,4,Фрумова_ЗА,B20pjW0c
490,Хорняков Борис Борисович,13,8г,2,Хорняков_ББ,Y02YEIPU
491,Гдагазина Лиза Василевна,212,9т,5,Гдагазина_ЛВ,gNj46rZP
492,Агаршев Ярослав Михаилович,276,9т,2,Агаршев_ЯМ,nl5EzjoI
493,Корюшин Пётр Антонович,326,8х,2,Корюшин_ПА,0KHhF2G7
494,Калаев Пётр Алексиевич,68,8а,3,Калаев_ПА,gEIiyxvc
495,Ккаталкина Виолетта Егоровна,53,7б,2,Ккаталкина_ВЕ,8auEP2p8
496,Рачнов Герасим Алексеевич,103,10а,5,Рачнов_ГА,am7zNz9l
497,Миндубаева Людмила Леонидовна,477,11и,2,Миндубаева_ЛЛ,4gESEpWQ
498,Агафьева Вера Ивановна,352,11х,3,Агафьева_ВИ,J8Qrym0y
499,Житин Эдуард Адамович,481,9а,5,Житин_ЭА,Ib7LhzAA
